SalesOrderID	RevisionNumber	OrderDate	DueDate	ShipDate	Status	OnlineOrderFlag	SalesOrderNumber	PurchaseOrderNumber	AccountNumber	CustomerID	SalesPersonID	TerritoryID	BillToAddressID	ShipToAddressID	ShipMethodID	CreditCardID	CreditCardApprovalCode	CurrencyRateID	SubTotal	TaxAmt	Freight	TotalDue	Comment	rowguid	ModifiedDate
43702	8	2011-06-01	2011-06-13 00:00:00.000	2011-06-08 00:00:00.000	5	1	SO43702		10-4030-027645	27645		4	22584	22584	1	8087.0	1230194Vi41919		3578.27	286.2616	89.4568	3953.9884		9310C7F0-9A84-4CE9-BE08-F700FB1AADF7	2011-06-08 00:00:00.000
43703	8	2011-06-01	2011-06-13 00:00:00.000	2011-06-08 00:00:00.000	5	1	SO43703		10-4030-016624	16624		9	23967	23967	1	9497.0	1234632Vi48985	15.0	3578.27	286.2616	89.4568	3953.9884		CC630723-57F1-4E59-B1EF-BF77930B3906	2011-06-08 00:00:00.000
43704	8	2011-06-01	2011-06-13 00:00:00.000	2011-06-08 00:00:00.000	5	1	SO43704		10-4030-011005	11005		9	16025	16025	1	1988.0	835095Vi10342	15.0	3374.99	269.9992	84.3748	3729.364		B09AF2D1-243D-444F-9784-FCFCEB3FBB0A	2011-06-08 00:00:00.000
43705	8	2011-06-01	2011-06-13 00:00:00.000	2011-06-08 00:00:00.000	5	1	SO43705		10-4030-011011	11011		9	27345	27345	1	7205.0	1035101Vi37381	15.0	3399.99	271.9992	84.9998	3756.989		17A0EDE6-6F1A-419D-BCF9-3638B79166D0	2011-06-08 00:00:00.000
43706	8	2011-06-02	2011-06-14 00:00:00.000	2011-06-09 00:00:00.000	5	1	SO43706		10-4030-027621	27621		4	13264	13264	1	10912.0	230189Vi56258		3578.27	286.2616	89.4568	3953.9884		F02C4CB6-A5B5-4CE4-9473-CB084E383196	2011-06-09 00:00:00.000
43707	8	2011-06-02	2011-06-14 00:00:00.000	2011-06-09 00:00:00.000	5	1	SO43707		10-4030-027616	27616		4	20923	20923	1	19069.0	230298Vi99064		3578.27	286.2616	89.4568	3953.9884		0DA77D6E-223E-4BC6-A2ED-43B387692C68	2011-06-09 00:00:00.000
43708	8	2011-06-02	2011-06-14 00:00:00.000	2011-06-09 00:00:00.000	5	1	SO43708		10-4030-020042	20042		10	18427	18427	1	4369.0	130402Vi22912	35.0	699.0982	55.9279	17.4775	772.5036		C9743A57-08A7-4494-A4BF-4B226C0B35EC	2011-06-09 00:00:00.000
43709	8	2011-06-02	2011-06-14 00:00:00.000	2011-06-09 00:00:00.000	5	1	SO43709		10-4030-016351	16351		9	13951	13951	1	15524.0	1034602Vi80214	28.0	3578.27	286.2616	89.4568	3953.9884		5AA25D99-4CA5-4C80-BBB7-3D97664E2A80	2011-06-09 00:00:00.000
43710	8	2011-06-02	2011-06-14 00:00:00.000	2011-06-09 00:00:00.000	5	1	SO43710		10-4030-016517	16517		9	25446	25446	1	5764.0	1134614Vi30135	28.0	3578.27	286.2616	89.4568	3953.9884		22220985-4182-4C6F-AE48-E920F72F6095	2011-06-09 00:00:00.000
43711	8	2011-06-03	2011-06-15 00:00:00.000	2011-06-10 00:00:00.000	5	1	SO43711		10-4030-027606	27606		1	18404	18404	1	3043.0	430293Vi16007		3578.27	286.2616	89.4568	3953.9884		C8651CC4-7BF4-4013-94B2-2EA9FEAAC442	2011-06-10 00:00:00.000
43712	8	2011-06-03	2011-06-15 00:00:00.000	2011-06-10 00:00:00.000	5	1	SO43712		10-4030-013513	13513		8	21867	21867	1	6213.0	1231128Vi32292	45.0	3578.27	286.2616	89.4568	3953.9884		725C5DFE-6EAA-43E3-9571-2B99692DF51D	2011-06-10 00:00:00.000
43713	8	2011-06-04	2011-06-16 00:00:00.000	2011-06-11 00:00:00.000	5	1	SO43713		10-4030-027601	27601		4	11855	11855	1	16570.0	830288Vi85808		3578.27	286.2616	89.4568	3953.9884		9DE30294-9066-4988-A3AD-09A0713348E5	2011-06-11 00:00:00.000
43714	8	2011-06-04	2011-06-16 00:00:00.000	2011-06-11 00:00:00.000	5	1	SO43714		10-4030-013591	13591		10	15169	15169	1	15963.0	1031124Vi82522	61.0	3578.27	286.2616	89.4568	3953.9884		40659773-9CE3-4214-9886-C9DE75E40274	2011-06-11 00:00:00.000
43715	8	2011-06-04	2011-06-16 00:00:00.000	2011-06-11 00:00:00.000	5	1	SO43715		10-4030-016483	16483		9	28213	28213	1	7985.0	1134605Vi41375	54.0	3578.27	286.2616	89.4568	3953.9884		36C19607-CC19-4CC0-8EA7-C16A6CC747DD	2011-06-11 00:00:00.000
43716	8	2011-06-04	2011-06-16 00:00:00.000	2011-06-11 00:00:00.000	5	1	SO43716		10-4030-016529	16529		9	23557	23557	1	5873.0	534626Vi30635	54.0	3578.27	286.2616	89.4568	3953.9884		92D7B8BF-071B-478E-A330-DEC813C635F9	2011-06-11 00:00:00.000
43717	8	2011-06-04	2011-06-16 00:00:00.000	2011-06-11 00:00:00.000	5	1	SO43717		10-4030-025249	25249		9	11809	11809	1	5700.0	1235425Vi29858	54.0	699.0982	55.9279	17.4775	772.5036		8CF612EF-31B8-4A57-8E57-5C62D48A0944	2011-06-11 00:00:00.000
43718	8	2011-06-05	2011-06-17 00:00:00.000	2011-06-12 00:00:00.000	5	1	SO43718		10-4030-027668	27668		1	25346	25346	1	3049.0	530203Vi16052		3578.27	286.2616	89.4568	3953.9884		877141F0-4AE7-4FB3-B9E0-3CA2CC1A20C9	2011-06-12 00:00:00.000
43719	8	2011-06-05	2011-06-17 00:00:00.000	2011-06-12 00:00:00.000	5	1	SO43719		10-4030-027612	27612		4	13854	13854	1	5998.0	1130295Vi31203		3578.27	286.2616	89.4568	3953.9884		BF5155EB-C5BE-4245-8FC4-F801DB5B052D	2011-06-12 00:00:00.000
43720	8	2011-06-05	2011-06-17 00:00:00.000	2011-06-12 00:00:00.000	5	1	SO43720		10-4030-013264	13264		8	18584	18584	1	2765.0	831105Vi14399	71.0	3578.27	286.2616	89.4568	3953.9884		8832376E-105B-4696-8BB4-E6EC1AA20219	2011-06-12 00:00:00.000
43721	8	2011-06-05	2011-06-17 00:00:00.000	2011-06-12 00:00:00.000	5	1	SO43721		10-4030-013590	13590		10	22146	22146	1	11950.0	331111Vi61776	74.0	3578.27	286.2616	89.4568	3953.9884		3A8A408F-C18F-4AE3-B0C4-F3B82F5F3404	2011-06-12 00:00:00.000
43722	8	2011-06-06	2011-06-18 00:00:00.000	2011-06-13 00:00:00.000	5	1	SO43722		10-4030-013581	13581		10	23990	23990	1	12191.0	331099Vi63048	87.0	3578.27	286.2616	89.4568	3953.9884		681FEC9E-C1FB-42C9-A96C-48C911B086DD	2011-06-13 00:00:00.000
43723	8	2011-06-06	2011-06-18 00:00:00.000	2011-06-13 00:00:00.000	5	1	SO43723		10-4030-014520	14520		1	12708	12708	1	16949.0	833793Vi87871		699.0982	55.9279	17.4775	772.5036		4EB5EC63-D247-468F-B88B-C2E5C019D949	2011-06-13 00:00:00.000
43724	8	2011-06-06	2011-06-18 00:00:00.000	2011-06-13 00:00:00.000	5	1	SO43724		10-4030-016520	16520		9	25572	25572	1	6336.0	834617Vi32891	80.0	3578.27	286.2616	89.4568	3953.9884		62FCAB48-3494-4AF8-A1CB-5E2FE0929FF0	2011-06-13 00:00:00.000
43725	8	2011-06-07	2011-06-19 00:00:00.000	2011-06-14 00:00:00.000	5	1	SO43725		10-4030-013258	13258		8	23444	23444	1	6640.0	832136Vi34578	97.0	3578.27	286.2616	89.4568	3953.9884		607A7986-372A-4939-B2C3-694D8293D99D	2011-06-14 00:00:00.000
43726	8	2011-06-07	2011-06-19 00:00:00.000	2011-06-14 00:00:00.000	5	1	SO43726		10-4030-014560	14560		4	25989	25989	1	8533.0	533796Vi44130		699.0982	55.9279	17.4775	772.5036		C857E6B2-50D6-4B20-92F2-0E5D0C79ABA3	2011-06-14 00:00:00.000
43727	8	2011-06-07	2011-06-19 00:00:00.000	2011-06-14 00:00:00.000	5	1	SO43727		10-4030-016607	16607		9	15502	15502	1	11407.0	834627Vi58835	93.0	3578.27	286.2616	89.4568	3953.9884		7DFEEC8E-63C7-4D87-9ECB-35C1A7AC3FEB	2011-06-14 00:00:00.000
43728	8	2011-06-08	2011-06-20 00:00:00.000	2011-06-15 00:00:00.000	5	1	SO43728		10-4030-027666	27666		4	20616	20616	1	15630.0	130201Vi80748		3578.27	286.2616	89.4568	3953.9884		1A9730F8-53CA-44A9-A692-6A009189157D	2011-06-15 00:00:00.000
43729	8	2011-06-08	2011-06-20 00:00:00.000	2011-06-15 00:00:00.000	5	1	SO43729		10-4030-011238	11238		10	12420	12420	1	2636.0	831735Vi13701	113.0	3399.99	271.9992	84.9998	3756.989		BE1BD96B-B584-487A-A740-B096779F6C47	2011-06-15 00:00:00.000
43730	8	2011-06-08	2011-06-20 00:00:00.000	2011-06-15 00:00:00.000	5	1	SO43730		10-4030-025861	25861		4	23733	23733	1	13323.0	333375Vi69103		3399.99	271.9992	84.9998	3756.989		AF82E535-AF8D-417F-BA33-620F49BEE5DE	2011-06-15 00:00:00.000
43731	8	2011-06-08	2011-06-20 00:00:00.000	2011-06-15 00:00:00.000	5	1	SO43731		10-4030-016629	16629		9	14019	14019	1	14302.0	834633Vi74142	106.0	3578.27	286.2616	89.4568	3953.9884		BB0F57EF-E9DC-4F10-BCED-0270C6F4DD5A	2011-06-15 00:00:00.000
43732	8	2011-06-08	2011-06-20 00:00:00.000	2011-06-15 00:00:00.000	5	1	SO43732		10-4030-011025	11025		9	21635	21635	1	10882.0	1235104Vi56140	106.0	3374.99	269.9992	84.3748	3729.364		80ACD4E1-371E-4A58-90CA-EC866A828CF7	2011-06-15 00:00:00.000
43733	8	2011-06-08	2011-06-20 00:00:00.000	2011-06-15 00:00:00.000	5	1	SO43733		10-4030-027577	27577		1	24572	24572	1	10600.0	135716Vi54667		3578.27	286.2616	89.4568	3953.9884		A97984DF-2A16-4BAA-B2ED-CD17490E9F93	2011-06-15 00:00:00.000
43734	8	2011-06-09	2011-06-21 00:00:00.000	2011-06-16 00:00:00.000	5	1	SO43734		10-4030-027604	27604		1	23224	23224	1	15365.0	330290Vi79368		3578.27	286.2616	89.4568	3953.9884		C1813FDF-AF79-4FBA-8936-70CBD2964535	2011-06-16 00:00:00.000
43735	8	2011-06-09	2011-06-21 00:00:00.000	2011-06-16 00:00:00.000	5	1	SO43735		10-4030-016522	16522		9	25384	25384	1	6526.0	1034619Vi33896	119.0	3578.27	286.2616	89.4568	3953.9884		98F80245-C398-4562-BDAF-EA3E9A0DDFAC	2011-06-16 00:00:00.000
43736	8	2011-06-09	2011-06-21 00:00:00.000	2011-06-16 00:00:00.000	5	1	SO43736		10-4030-011002	11002		9	20336	20336	1	1416.0	1135092Vi7270	119.0	3399.99	271.9992	84.9998	3756.989		C14E29E7-DB11-44EF-943E-143925A5A9AE	2011-06-16 00:00:00.000
43737	8	2011-06-10	2011-06-22 00:00:00.000	2011-06-17 00:00:00.000	5	1	SO43737		10-4030-013261	13261		8	29772	29772	1			136.0	3578.27	286.2616	89.4568	3953.9884		0B3E274D-E5A8-4E8C-A417-0EAFABCFF162	2011-06-17 00:00:00.000
43738	8	2011-06-10	2011-06-22 00:00:00.000	2011-06-17 00:00:00.000	5	1	SO43738		10-4030-011606	11606		7	26167	26167	1	12005.0	631125Vi62053	138.0	3578.27	286.2616	89.4568	3953.9884		2869C629-EBBD-47BC-87B1-A6871CD8C5CF	2011-06-17 00:00:00.000
43739	8	2011-06-10	2011-06-22 00:00:00.000	2011-06-17 00:00:00.000	5	1	SO43739		10-4030-013563	13563		10	29262	29262	1			139.0	3578.27	286.2616	89.4568	3953.9884		9192752E-18F9-4AFE-B4DA-CFABF0E9F6CE	2011-06-17 00:00:00.000
43740	8	2011-06-10	2011-06-22 00:00:00.000	2011-06-17 00:00:00.000	5	1	SO43740		10-4030-016527	16527		9	28420	28420	1	18137.0	834624Vi94036	132.0	3578.27	286.2616	89.4568	3953.9884		1242EF55-1FE1-4501-B21B-CA74FC31053C	2011-06-17 00:00:00.000
43741	8	2011-06-11	2011-06-23 00:00:00.000	2011-06-18 00:00:00.000	5	1	SO43741		10-4030-027671	27671		1	13036	13036	1	4679.0	530206Vi24524		3578.27	286.2616	89.4568	3953.9884		C674C190-0CDA-46F5-AAC1-A65D9F902572	2011-06-18 00:00:00.000
43742	8	2011-06-11	2011-06-23 00:00:00.000	2011-06-18 00:00:00.000	5	1	SO43742		10-4030-013576	13576		10	20966	20966	1	17254.0	932138Vi89574	152.0	3578.27	286.2616	89.4568	3953.9884		7B65FBC1-E19B-44FF-B5B3-4999C9F300B6	2011-06-18 00:00:00.000
43743	8	2011-06-11	2011-06-23 00:00:00.000	2011-06-18 00:00:00.000	5	1	SO43743		10-4030-011007	11007		9	12909	12909	1	1546.0	1235097Vi7903	145.0	3399.99	271.9992	84.9998	3756.989		49CE5DDA-33B4-4E30-9945-0F54BB36A823	2011-06-18 00:00:00.000
43744	8	2011-06-11	2011-06-23 00:00:00.000	2011-06-18 00:00:00.000	5	1	SO43744		10-4030-016631	16631		9	12423	12423	1	12980.0	635648Vi67147	145.0	3578.27	286.2616	89.4568	3953.9884		6F4346C6-953D-4BB5-8508-18F9CF31A83C	2011-06-18 00:00:00.000
43745	8	2011-06-12	2011-06-24 00:00:00.000	2011-06-19 00:00:00.000	5	1	SO43745		10-4030-016514	16514		9	25018	25018	1	9626.0	634611Vi49589	158.0	3578.27	286.2616	89.4568	3953.9884		F8D467F2-7039-430D-BFAA-3F6D0405FC6F	2011-06-19 00:00:00.000
43746	8	2011-06-12	2011-06-24 00:00:00.000	2011-06-19 00:00:00.000	5	1	SO43746		10-4030-016616	16616		9	28214	28214	1	5138.0	434629Vi26884	158.0	3578.27	286.2616	89.4568	3953.9884		CE002911-F422-449D-AC95-C542A5553F46	2011-06-19 00:00:00.000
43747	8	2011-06-13	2011-06-25 00:00:00.000	2011-06-20 00:00:00.000	5	1	SO43747		10-4030-027623	27623		4	27241	27241	1	16044.0	1230190Vi82952		3578.27	286.2616	89.4568	3953.9884		5DC249A1-592C-472E-93B7-E2F26DDE5DAB	2011-06-20 00:00:00.000
43748	8	2011-06-13	2011-06-25 00:00:00.000	2011-06-20 00:00:00.000	5	1	SO43748		10-4030-027625	27625		1	16663	16663	1	14948.0	430191Vi77442		3578.27	286.2616	89.4568	3953.9884		5D25E2A5-A4C6-45AA-B388-9BD83769A2AF	2011-06-20 00:00:00.000
43749	8	2011-06-13	2011-06-25 00:00:00.000	2011-06-20 00:00:00.000	5	1	SO43749		10-4030-027636	27636		1	17878	17878	1	12504.0	130192Vi64692		3578.27	286.2616	89.4568	3953.9884		6C9F6457-1494-4C6C-8F57-3DA2505D2BF6	2011-06-20 00:00:00.000
43750	8	2011-06-13	2011-06-25 00:00:00.000	2011-06-20 00:00:00.000	5	1	SO43750		10-4030-011591	11591		7	26694	26694	1	15541.0	1131100Vi80273	177.0	3578.27	286.2616	89.4568	3953.9884		9F5B2B08-C237-4691-B757-A5D15970A6DC	2011-06-20 00:00:00.000
43751	8	2011-06-13	2011-06-25 00:00:00.000	2011-06-20 00:00:00.000	5	1	SO43751		10-4030-011592	11592		7	17421	17421	1	711.0	331101Vi3645	177.0	3578.27	286.2616	89.4568	3953.9884		BECFDFC1-4E38-4250-9ED8-5F88282865F8	2011-06-20 00:00:00.000
43752	8	2011-06-13	2011-06-25 00:00:00.000	2011-06-20 00:00:00.000	5	1	SO43752		10-4030-013265	13265		8	25970	25970	1	2736.0	731107Vi14233	175.0	3578.27	286.2616	89.4568	3953.9884		3C3CE19A-5EB4-4A2B-931E-BD2A65334F12	2011-06-20 00:00:00.000
43753	8	2011-06-13	2011-06-25 00:00:00.000	2011-06-20 00:00:00.000	5	1	SO43753		10-4030-016482	16482		9	19434	19434	1	7588.0	734604Vi39312	171.0	3578.27	286.2616	89.4568	3953.9884		E133A699-6529-4494-80F0-C700A193585D	2011-06-20 00:00:00.000
43754	8	2011-06-14	2011-06-26 00:00:00.000	2011-06-21 00:00:00.000	5	1	SO43754		10-4030-027617	27617		1	18700	18700	1	9734.0	630188Vi50171		3578.27	286.2616	89.4568	3953.9884		86B0C2B9-6ABD-4B69-9C76-2B702B604D77	2011-06-21 00:00:00.000
43755	8	2011-06-14	2011-06-26 00:00:00.000	2011-06-21 00:00:00.000	5	1	SO43755		10-4030-027670	27670		4	21785	21785	1	14614.0	1030205Vi75785		3578.27	286.2616	89.4568	3953.9884		98337979-2598-4E10-8666-4823D1EB0564	2011-06-21 00:00:00.000
43756	8	2011-06-14	2011-06-26 00:00:00.000	2011-06-21 00:00:00.000	5	1	SO43756		10-4030-019941	19941		10	12565	12565	1	9528.0	830399Vi49119	191.0	699.0982	55.9279	17.4775	772.5036		6D3EE374-D017-4007-9BA3-8966F2B3CD00	2011-06-21 00:00:00.000
43757	8	2011-06-14	2011-06-26 00:00:00.000	2011-06-21 00:00:00.000	5	1	SO43757		10-4030-011017	11017		9	11541	11541	1	12801.0	635102Vi66203	184.0	3374.99	269.9992	84.3748	3729.364		238FD676-5C9C-44A6-8C10-F890887887B6	2011-06-21 00:00:00.000
43766	8	2011-06-17	2011-06-29 00:00:00.000	2011-06-24 00:00:00.000	5	1	SO43766		10-4030-016518	16518		9	26446	26446	1	10469.0	834615Vi53986	223.0	3578.27	286.2616	89.4568	3953.9884		BCB28F9B-69D0-4FBE-AA8A-6B4CDA8E7BFE	2011-06-24 00:00:00.000
43767	8	2011-06-17	2011-06-29 00:00:00.000	2011-06-24 00:00:00.000	5	1	SO43767		10-4030-011001	11001		9	14489	14489	1	8810.0	235091Vi45462	223.0	3374.99	269.9992	84.3748	3729.364		BF2E1105-44C2-422F-92E8-59C575BF2652	2011-06-24 00:00:00.000
43768	8	2011-06-18	2011-06-30 00:00:00.000	2011-06-25 00:00:00.000	5	1	SO43768		10-4030-027649	27649		1	24209	24209	1	18040.0	830196Vi93642		3578.27	286.2616	89.4568	3953.9884		534C4DAF-51FE-47D6-B58A-35358BBAD410	2011-06-25 00:00:00.000
43769	8	2011-06-18	2011-06-30 00:00:00.000	2011-06-25 00:00:00.000	5	1	SO43769		10-4030-021659	21659		6	12365	12365	1	7388.0	1030286Vi38309	238.0	3578.27	286.2616	89.4568	3953.9884		EC7C8A6C-120C-4025-B230-52E48B27FDAD	2011-06-25 00:00:00.000
43770	8	2011-06-18	2011-06-30 00:00:00.000	2011-06-25 00:00:00.000	5	1	SO43770		10-4030-027614	27614		1	21039	21039	1	16136.0	230296Vi83473		3578.27	286.2616	89.4568	3953.9884		7D3CE5FA-5B2A-4D88-A33C-72EFCC5AEC8A	2011-06-25 00:00:00.000
43771	8	2011-06-18	2011-06-30 00:00:00.000	2011-06-25 00:00:00.000	5	1	SO43771		10-4030-014559	14559		4	21657	21657	1	16934.0	633795Vi87782		699.0982	55.9279	17.4775	772.5036		45081816-B4D2-42D5-B761-84F1157DFD31	2011-06-25 00:00:00.000
43772	8	2011-06-18	2011-06-30 00:00:00.000	2011-06-25 00:00:00.000	5	1	SO43772		10-4030-016524	16524		9	15700	15700	1	12834.0	334621Vi66368	236.0	3578.27	286.2616	89.4568	3953.9884		877A235B-C962-4F16-BA92-48AE4C8E5E5B	2011-06-25 00:00:00.000
43773	8	2011-06-18	2011-06-30 00:00:00.000	2011-06-25 00:00:00.000	5	1	SO43773		10-4030-016526	16526		9	19998	19998	1	19057.0	534623Vi99022	236.0	3578.27	286.2616	89.4568	3953.9884		F49BC13F-8993-4042-9B85-8F671B1E15F0	2011-06-25 00:00:00.000
43774	8	2011-06-18	2011-06-30 00:00:00.000	2011-06-25 00:00:00.000	5	1	SO43774		10-4030-016348	16348		9	20184	20184	1	1311.0	434719Vi6675	236.0	3578.27	286.2616	89.4568	3953.9884		3C2F2CF6-D381-4233-A5A7-DD2A2E31A503	2011-06-25 00:00:00.000
43775	8	2011-06-18	2011-06-30 00:00:00.000	2011-06-25 00:00:00.000	5	1	SO43775		10-4030-011027	11027		9	14561	14561	1	6918.0	535106Vi36020	236.0	3399.99	271.9992	84.9998	3756.989		64BEC07C-2D34-4360-97F9-AAB1D4EC53F5	2011-06-25 00:00:00.000
43776	8	2011-06-19	2011-07-01 00:00:00.000	2011-06-26 00:00:00.000	5	1	SO43776		10-4030-013260	13260		8	15402	15402	1	10653.0	1231103Vi54892	253.0	3578.27	286.2616	89.4568	3953.9884		7D468137-4412-4BDE-BC27-EA17D07BB01E	2011-06-26 00:00:00.000
43777	8	2011-06-19	2011-07-01 00:00:00.000	2011-06-26 00:00:00.000	5	1	SO43777		10-4030-016515	16515		9	24873	24873	1	1850.0	734612Vi9613	249.0	3578.27	286.2616	89.4568	3953.9884		764526C9-3393-4B23-850D-F744944C00D3	2011-06-26 00:00:00.000
43778	8	2011-06-19	2011-07-01 00:00:00.000	2011-06-26 00:00:00.000	5	1	SO43778		10-4030-011018	11018		9	16433	16433	1	9930.0	735103Vi51096	249.0	3399.99	271.9992	84.9998	3756.989		2226D4B2-38A6-4F18-9925-77F36F8902E2	2011-06-26 00:00:00.000
43779	8	2011-06-19	2011-07-01 00:00:00.000	2011-06-26 00:00:00.000	5	1	SO43779		10-4030-025252	25252		9	20850	20850	1	6901.0	235427Vi35948	249.0	699.0982	55.9279	17.4775	772.5036		6628447B-1958-48BF-B611-60B751FA8DAF	2011-06-26 00:00:00.000
43780	8	2011-06-20	2011-07-02 00:00:00.000	2011-06-27 00:00:00.000	5	1	SO43780		10-4030-011599	11599		7	25850	25850	1	17097.0	131108Vi88806	268.0	3578.27	286.2616	89.4568	3953.9884		8450AF5F-35E8-4085-A27F-7BD68A1393AC	2011-06-27 00:00:00.000
43781	8	2011-06-20	2011-07-02 00:00:00.000	2011-06-27 00:00:00.000	5	1	SO43781		10-4030-016495	16495		9	22857	22857	1	5269.0	634609Vi27549	262.0	3578.27	286.2616	89.4568	3953.9884		4BF0100B-0CC1-4FAF-ACE2-1A0A6748AAD6	2011-06-27 00:00:00.000
43782	8	2011-06-20	2011-07-02 00:00:00.000	2011-06-27 00:00:00.000	5	1	SO43782		10-4030-016516	16516		9	13386	13386	1	9916.0	1034613Vi51017	262.0	3578.27	286.2616	89.4568	3953.9884		82648EC2-CF59-46F6-8F89-434ED5E035FB	2011-06-27 00:00:00.000
43783	8	2011-06-20	2011-07-02 00:00:00.000	2011-06-27 00:00:00.000	5	1	SO43783		10-4030-016620	16620		9	26601	26601	1	4651.0	934630Vi24399	262.0	3578.27	286.2616	89.4568	3953.9884		4B963EE6-0B6E-4AD5-B778-A24757B6C1F2	2011-06-27 00:00:00.000
43784	8	2011-06-21	2011-07-03 00:00:00.000	2011-06-28 00:00:00.000	5	1	SO43784		10-4030-027667	27667		4	12491	12491	1	15794.0	1030202Vi81657		3578.27	286.2616	89.4568	3953.9884		8D7E4809-DF6B-4B89-B92F-724FFB2BE7A2	2011-06-28 00:00:00.000
43785	8	2011-06-21	2011-07-03 00:00:00.000	2011-06-28 00:00:00.000	5	1	SO43785		10-4030-011601	11601		7	17236	17236	1	3584.0	931114Vi18886	281.0	3578.27	286.2616	89.4568	3953.9884		3A9346F3-F9B0-4446-B336-82767FDA4371	2011-06-28 00:00:00.000
43786	8	2011-06-21	2011-07-03 00:00:00.000	2011-06-28 00:00:00.000	5	1	SO43786		10-4030-011607	11607		7	23683	23683	1	12315.0	931126Vi63695	281.0	3578.27	286.2616	89.4568	3953.9884		24838E6C-11C1-4547-B8D8-1049DB94D2FB	2011-06-28 00:00:00.000
43787	8	2011-06-21	2011-07-03 00:00:00.000	2011-06-28 00:00:00.000	5	1	SO43787		10-4030-029385	29385		8	29348	29348	1			279.0	3399.99	271.9992	84.9998	3756.989		ABA30B1E-AF5F-460F-BB5E-52C6E25EDE27	2011-06-28 00:00:00.000
43788	8	2011-06-21	2011-07-03 00:00:00.000	2011-06-28 00:00:00.000	5	1	SO43788		10-4030-011239	11239		10	25489	25489	1	2999.0	431737Vi15728	282.0	3374.99	269.9992	84.3748	3729.364		C9B98E5B-98CB-43F1-9E12-D2256911F81B	2011-06-28 00:00:00.000
43789	8	2011-06-21	2011-07-03 00:00:00.000	2011-06-28 00:00:00.000	5	1	SO43789		10-4030-025865	25865		1	21950	21950	1	13143.0	133257Vi68106		3374.99	269.9992	84.3748	3729.364		285D40C2-49E7-479C-966B-433B1BD5C02E	2011-06-28 00:00:00.000
43790	8	2011-06-21	2011-07-03 00:00:00.000	2011-06-28 00:00:00.000	5	1	SO43790		10-4030-025857	25857		1	21871	21871	1	2574.0	733374Vi13410		3399.99	271.9992	84.9998	3756.989		82DA4F92-6E7B-4C70-8031-825E4D6DB3B4	2011-06-28 00:00:00.000
43791	8	2011-06-21	2011-07-03 00:00:00.000	2011-06-28 00:00:00.000	5	1	SO43791		10-4030-016484	16484		9	11580	11580	1	2480.0	534606Vi12914	275.0	3578.27	286.2616	89.4568	3953.9884		7ECB76E0-86AE-403F-A10F-BA291A9A2284	2011-06-28 00:00:00.000
43792	8	2011-06-21	2011-07-03 00:00:00.000	2011-06-28 00:00:00.000	5	1	SO43792		10-4030-016623	16623		9	14105	14105	1	3696.0	334631Vi19512	275.0	3578.27	286.2616	89.4568	3953.9884		CE94C6EF-FF67-4604-96B0-009272603CF3	2011-06-28 00:00:00.000
43793	8	2011-06-21	2011-07-03 00:00:00.000	2011-06-28 00:00:00.000	5	1	SO43793		10-4030-011000	11000		9	22601	22601	1	11981.0	735090Vi61907	275.0	3399.99	271.9992	84.9998	3756.989		A95BFAFE-7543-43F7-A890-9AD41D4E6E5E	2011-06-28 00:00:00.000
43794	8	2011-06-21	2011-07-03 00:00:00.000	2011-06-28 00:00:00.000	5	1	SO43794		10-4030-011029	11029		9	24713	24713	1	103.0	735108Vi576	275.0	3399.99	271.9992	84.9998	3756.989		B98F56BD-5532-4FEA-A8FC-8011ECD96A07	2011-06-28 00:00:00.000
43795	8	2011-06-22	2011-07-04 00:00:00.000	2011-06-29 00:00:00.000	5	1	SO43795		10-4030-027615	27615		4	12290	12290	1	10180.0	330297Vi52533		3578.27	286.2616	89.4568	3953.9884		1AB2B20A-6BC9-4097-B380-489FAFDD1AD0	2011-06-29 00:00:00.000
43796	8	2011-06-22	2011-07-04 00:00:00.000	2011-06-29 00:00:00.000	5	1	SO43796		10-4030-017956	17956		7	11860	11860	1	14408.0	630398Vi74678	294.0	699.0982	55.9279	17.4775	772.5036		8ECC65D3-F694-4491-AEED-AD3891F0B85A	2011-06-29 00:00:00.000
43797	8	2011-06-22	2011-07-04 00:00:00.000	2011-06-29 00:00:00.000	5	1	SO43797		10-4030-016345	16345		9	11578	11578	1	3803.0	533967Vi20009	288.0	3578.27	286.2616	89.4568	3953.9884		748920DE-6C71-45CA-A71A-417DE701B2E2	2011-06-29 00:00:00.000
43798	8	2011-06-22	2011-07-04 00:00:00.000	2011-06-29 00:00:00.000	5	1	SO43798		10-4030-016521	16521		9	17493	17493	1	15729.0	434618Vi81298	288.0	3578.27	286.2616	89.4568	3953.9884		9BC36686-9653-4D73-91D7-420CD2C8F112	2011-06-29 00:00:00.000
43799	8	2011-06-22	2011-07-04 00:00:00.000	2011-06-29 00:00:00.000	5	1	SO43799		10-4030-016636	16636		9	23813	23813	1	10936.0	534635Vi56412	288.0	3578.27	286.2616	89.4568	3953.9884		251A8221-64EC-4C45-82FB-73693071529B	2011-06-29 00:00:00.000
43800	8	2011-06-23	2011-07-05 00:00:00.000	2011-06-30 00:00:00.000	5	1	SO43800		10-4030-021710	21710		6	16244	16244	1	1500.0	830289Vi7733	303.0	3578.27	286.2616	89.4568	3953.9884		46CD4997-1031-482B-8EAB-4F1FECCCBEE1	2011-06-30 00:00:00.000
43801	8	2011-06-23	2011-07-05 00:00:00.000	2011-06-30 00:00:00.000	5	1	SO43801		10-4030-013583	13583		10	22676	22676	1	10067.0	331102Vi51847	308.0	3578.27	286.2616	89.4568	3953.9884		4449B819-B1D7-4D26-9E9F-209763605DC7	2011-06-30 00:00:00.000
43802	8	2011-06-23	2011-07-05 00:00:00.000	2011-06-30 00:00:00.000	5	1	SO43802		10-4030-011593	11593		7	15981	15981	1	15557.0	531106Vi80372	307.0	3578.27	286.2616	89.4568	3953.9884		D47FAD1F-32BC-4B93-B73E-B1C4BA087C07	2011-06-30 00:00:00.000
43803	8	2011-06-24	2011-07-06 00:00:00.000	2011-07-01 00:00:00.000	5	1	SO43803		10-4030-021741	21741		6	17092	17092	1	2467.0	1230187Vi12850	316.0	3578.27	286.2616	89.4568	3953.9884		6AADD0B2-FA38-4D83-AAE4-97EC98176F3E	2011-07-01 00:00:00.000
43804	8	2011-06-24	2011-07-06 00:00:00.000	2011-07-01 00:00:00.000	5	1	SO43804		10-4030-013585	13585		10	18048	18048	1	13404.0	731109Vi69430	321.0	3578.27	286.2616	89.4568	3953.9884		6FAD5FB1-7720-412A-A592-65571A39AE76	2011-07-01 00:00:00.000
43805	8	2011-06-24	2011-07-06 00:00:00.000	2011-07-01 00:00:00.000	5	1	SO43805		10-4030-014510	14510		1	26084	26084	1	7010.0	433792Vi36450		699.0982	55.9279	17.4775	772.5036		72C04DF5-3142-48ED-ACC0-CCB70A73D834	2011-07-01 00:00:00.000
43806	8	2011-06-24	2011-07-06 00:00:00.000	2011-07-01 00:00:00.000	5	1	SO43806		10-4030-016523	16523		9	26735	26735	1	15755.0	1234620Vi81457	314.0	3578.27	286.2616	89.4568	3953.9884		0B7FF8B1-1333-4566-B764-B821F8584117	2011-07-01 00:00:00.000
43807	8	2011-06-25	2011-07-07 00:00:00.000	2011-07-02 00:00:00.000	5	1	SO43807		10-4030-011611	11611		7	15499	15499	1	16891.0	1231127Vi87546	333.0	3578.27	286.2616	89.4568	3953.9884		C701E2A6-D540-4C85-984B-F3CA5BA217BD	2011-07-02 00:00:00.000
43808	8	2011-06-25	2011-07-07 00:00:00.000	2011-07-02 00:00:00.000	5	1	SO43808		10-4030-013259	13259		8	24940	24940	1	10353.0	932137Vi53430	331.0	3578.27	286.2616	89.4568	3953.9884		C1778314-2EE3-45F6-8C55-64C6257D3D3A	2011-07-02 00:00:00.000
43809	8	2011-06-25	2011-07-07 00:00:00.000	2011-07-02 00:00:00.000	5	1	SO43809		10-4030-016350	16350		9	12891	12891	1	14752.0	134601Vi76444	327.0	3578.27	286.2616	89.4568	3953.9884		B22487BA-5F20-4A95-AE2E-41FC13E6AC57	2011-07-02 00:00:00.000
43810	8	2011-06-25	2011-07-07 00:00:00.000	2011-07-02 00:00:00.000	5	1	SO43810		10-4030-011004	11004		9	20971	20971	1	12777.0	835094Vi66068	327.0	3399.99	271.9992	84.9998	3756.989		D09FE167-A2D8-4572-B5A8-19230E99122B	2011-07-02 00:00:00.000
43811	8	2011-06-25	2011-07-07 00:00:00.000	2011-07-02 00:00:00.000	5	1	SO43811		10-4030-011026	11026		9	11877	11877	1	8888.0	1235105Vi45830	327.0	3399.99	271.9992	84.9998	3756.989		179E2F72-6928-43D5-B276-1F8B41226CD6	2011-07-02 00:00:00.000
43812	8	2011-06-26	2011-07-08 00:00:00.000	2011-07-03 00:00:00.000	5	1	SO43812		10-4030-027662	27662		4	13852	13852	1	7442.0	930198Vi38606		3578.27	286.2616	89.4568	3953.9884		2B214C28-8A52-4E8F-9D82-3049BF3795D1	2011-07-03 00:00:00.000
43813	8	2011-06-26	2011-07-08 00:00:00.000	2011-07-03 00:00:00.000	5	1	SO43813		10-4030-028390	28390		7	16896	16896	1	10022.0	431738Vi51601	346.0	3374.99	269.9992	84.3748	3729.364		C609E786-5B77-48E3-A1C8-77355F5DED15	2011-07-03 00:00:00.000
43814	8	2011-06-26	2011-07-08 00:00:00.000	2011-07-03 00:00:00.000	5	1	SO43814		10-4030-025866	25866		1	21939	21939	1	1085.0	833258Vi5404		3374.99	269.9992	84.3748	3729.364		7BD75954-EC0D-4E4E-8629-2AA050A69CAC	2011-07-03 00:00:00.000
43815	8	2011-06-26	2011-07-08 00:00:00.000	2011-07-03 00:00:00.000	5	1	SO43815		10-4030-016494	16494		9	15915	15915	1	12070.0	734608Vi62400	340.0	3578.27	286.2616	89.4568	3953.9884		F6A9D942-B3B4-463B-AAAF-AF1EAB874361	2011-07-03 00:00:00.000
43816	8	2011-06-26	2011-07-08 00:00:00.000	2011-07-03 00:00:00.000	5	1	SO43816		10-4030-016496	16496		9	21277	21277	1	14211.0	734610Vi73710	340.0	3578.27	286.2616	89.4568	3953.9884		2AB57617-A5A4-48A2-ACA6-655C0BD30891	2011-07-03 00:00:00.000
43817	8	2011-06-26	2011-07-08 00:00:00.000	2011-07-03 00:00:00.000	5	1	SO43817		10-4030-016519	16519		9	12674	12674	1	10904.0	634616Vi56238	340.0	3578.27	286.2616	89.4568	3953.9884		1DA0A907-765D-4381-BA2C-9DE4CBE351AD	2011-07-03 00:00:00.000
43818	8	2011-06-26	2011-07-08 00:00:00.000	2011-07-03 00:00:00.000	5	1	SO43818		10-4030-016528	16528		9	16539	16539	1	13485.0	134625Vi69865	340.0	3578.27	286.2616	89.4568	3953.9884		65AB0ABD-7B92-4AF2-9328-DEFBBC4FD3B7	2011-07-03 00:00:00.000
43819	8	2011-06-26	2011-07-08 00:00:00.000	2011-07-03 00:00:00.000	5	1	SO43819		10-4030-011006	11006		9	15264	15264	1	5054.0	935096Vi26471	340.0	3399.99	271.9992	84.9998	3756.989		7C99DF39-C367-4AF3-9965-85A32D80670D	2011-07-03 00:00:00.000
43820	8	2011-06-27	2011-07-09 00:00:00.000	2011-07-04 00:00:00.000	5	1	SO43820		10-4030-027651	27651		4	24200	24200	1	12947.0	330197Vi66982		3578.27	286.2616	89.4568	3953.9884		9C319187-6716-4B90-A514-782948EBCC38	2011-07-04 00:00:00.000
43821	8	2011-06-27	2011-07-09 00:00:00.000	2011-07-04 00:00:00.000	5	1	SO43821		10-4030-027663	27663		4	24836	24836	1	6912.0	130199Vi35996		3578.27	286.2616	89.4568	3953.9884		8264C761-EA30-4AFE-AC6F-F9AD3F166653	2011-07-04 00:00:00.000
43822	8	2011-06-27	2011-07-09 00:00:00.000	2011-07-04 00:00:00.000	5	1	SO43822		10-4030-027669	27669		4	20019	20019	1	17504.0	230204Vi90922		3578.27	286.2616	89.4568	3953.9884		A7D40F18-B90F-4F76-9DE2-A90455679548	2011-07-04 00:00:00.000
43823	8	2011-06-27	2011-07-09 00:00:00.000	2011-07-04 00:00:00.000	5	1	SO43823		10-4030-019942	19942		10	15988	15988	1	7639.0	830400Vi39580	360.0	699.0982	55.9279	17.4775	772.5036		A7713643-3F6F-4856-BCEF-F469FD6E5E33	2011-07-04 00:00:00.000
43824	8	2011-06-27	2011-07-09 00:00:00.000	2011-07-04 00:00:00.000	5	1	SO43824		10-4030-014558	14558		1	11804	11804	1	7138.0	1233794Vi37022		699.0982	55.9279	17.4775	772.5036		D2E9FA66-59FD-4C1E-96FB-71B50D161B9E	2011-07-04 00:00:00.000
43825	8	2011-06-27	2011-07-09 00:00:00.000	2011-07-04 00:00:00.000	5	1	SO43825		10-4030-016349	16349		9	16955	16955	1	16730.0	934720Vi86677	353.0	3578.27	286.2616	89.4568	3953.9884		3131524E-AC5B-4262-B286-6C281F42736B	2011-07-04 00:00:00.000
43826	8	2011-06-27	2011-07-09 00:00:00.000	2011-07-04 00:00:00.000	5	1	SO43826		10-4030-011008	11008		9	23743	23743	1	13554.0	835098Vi70239	353.0	3374.99	269.9992	84.3748	3729.364		A4592CF9-AC43-468A-8120-63621AE929DF	2011-07-04 00:00:00.000
43827	8	2011-06-27	2011-07-09 00:00:00.000	2011-07-04 00:00:00.000	5	1	SO43827		10-4030-025250	25250		9	27524	27524	1	7542.0	335426Vi39058	353.0	699.0982	55.9279	17.4775	772.5036		F2BA18E3-B49E-4D01-BDD1-6AAC7F0B6467	2011-07-04 00:00:00.000
43828	8	2011-06-28	2011-07-10 00:00:00.000	2011-07-05 00:00:00.000	5	1	SO43828		10-4030-027605	27605		1	13129	13129	1	17303.0	1030292Vi89856		3578.27	286.2616	89.4568	3953.9884		A89F9E4C-6BFE-42F4-8AD8-F98DC1DD70A5	2011-07-05 00:00:00.000
43829	8	2011-06-28	2011-07-10 00:00:00.000	2011-07-05 00:00:00.000	5	1	SO43829		10-4030-027611	27611		4	24776	24776	1	3742.0	1030294Vi19725		3578.27	286.2616	89.4568	3953.9884		C1E649CD-120B-407E-B94B-902772AFD947	2011-07-05 00:00:00.000
43830	8	2011-06-28	2011-07-10 00:00:00.000	2011-07-05 00:00:00.000	5	1	SO43830		10-4030-016347	16347		9	18564	18564	1	11691.0	934718Vi60484	366.0	3578.27	286.2616	89.4568	3953.9884		33854633-A6BD-4337-B9C0-99443D5C229E	2011-07-05 00:00:00.000
43831	8	2011-06-28	2011-07-10 00:00:00.000	2011-07-05 00:00:00.000	5	1	SO43831		10-4030-011028	11028		9	24158	24158	1	3749.0	835107Vi19779	366.0	3374.99	269.9992	84.3748	3729.364		92D7E467-C917-4C05-BD34-A661E9667B96	2011-07-05 00:00:00.000
43832	8	2011-06-28	2011-07-10 00:00:00.000	2011-07-05 00:00:00.000	5	1	SO43832		10-4030-013584	13584		10	23837	23837	1	10429.0	235202Vi53783	373.0	3578.27	286.2616	89.4568	3953.9884		B2941AE1-0AC9-46FD-BF70-A6D05550FAA2	2011-07-05 00:00:00.000
43833	8	2011-06-29	2011-07-11 00:00:00.000	2011-07-06 00:00:00.000	5	1	SO43833		10-4030-021727	21727		6	16752	16752	1	15641.0	530291Vi80832	381.0	3578.27	286.2616	89.4568	3953.9884		17D9183F-9760-4BC9-8BC8-34360A9BA9B1	2011-07-06 00:00:00.000
43834	8	2011-06-29	2011-07-11 00:00:00.000	2011-07-06 00:00:00.000	5	1	SO43834		10-4030-028393	28393		7	15471	15471	1	16716.0	331739Vi86614	385.0	3374.99	269.9992	84.3748	3729.364		C23C7C70-EBFA-42C0-9D6E-7C770E533ED8	2011-07-06 00:00:00.000
43835	8	2011-06-29	2011-07-11 00:00:00.000	2011-07-06 00:00:00.000	5	1	SO43835		10-4030-019802	19802		6	17401	17401	1	2755.0	933259Vi14346	381.0	3374.99	269.9992	84.3748	3729.364		2890C37D-7A05-409D-91A1-1B67AFC90FDC	2011-07-06 00:00:00.000
43836	8	2011-06-29	2011-07-11 00:00:00.000	2011-07-06 00:00:00.000	5	1	SO43836		10-4030-026620	26620		6	19261	19261	1	6966.0	233797Vi36226	381.0	699.0982	55.9279	17.4775	772.5036		D2BC1C0C-AD0E-48F0-BB2F-5CCAAAB5DBAB	2011-07-06 00:00:00.000
43837	8	2011-06-29	2011-07-11 00:00:00.000	2011-07-06 00:00:00.000	5	1	SO43837		10-4030-011009	11009		9	29335	29335	1			379.0	3374.99	269.9992	84.3748	3729.364		322AC07B-04A4-4748-9273-C496281CD342	2011-07-06 00:00:00.000
43838	8	2011-06-30	2011-07-12 00:00:00.000	2011-07-07 00:00:00.000	5	1	SO43838		10-4030-027641	27641		4	16330	16330	1	1178.0	230193Vi5985		3578.27	286.2616	89.4568	3953.9884		CDB6BEE3-D9EA-4BED-977B-30F3366ABDF2	2011-07-07 00:00:00.000
43839	8	2011-06-30	2011-07-12 00:00:00.000	2011-07-07 00:00:00.000	5	1	SO43839		10-4030-027673	27673		1	20037	20037	1	15759.0	830207Vi81479		3578.27	286.2616	89.4568	3953.9884		F509DE35-99FE-49C8-A2E1-F9D3D3B20B5F	2011-07-07 00:00:00.000
43840	8	2011-06-30	2011-07-12 00:00:00.000	2011-07-07 00:00:00.000	5	1	SO43840		10-4030-017957	17957		7	25544	25544	1	16913.0	730401Vi87689	398.0	699.0982	55.9279	17.4775	772.5036		D4852815-4AD4-4F13-9DAD-4B8360B99831	2011-07-07 00:00:00.000
43841	8	2011-06-30	2011-07-12 00:00:00.000	2011-07-07 00:00:00.000	5	1	SO43841		10-4030-013406	13406		8	28149	28149	1	5858.0	631110Vi30576	396.0	3578.27	286.2616	89.4568	3953.9884		D69E18B6-9A5F-4D1B-8032-57E5B24E71B8	2011-07-07 00:00:00.000
43842	8	2011-06-30	2011-07-12 00:00:00.000	2011-07-07 00:00:00.000	5	1	SO43842		10-4030-016630	16630		9	18492	18492	1	17051.0	634634Vi88522	392.0	3578.27	286.2616	89.4568	3953.9884		2D7D83B2-CFAB-496B-BC1C-58A5A33E0392	2011-07-07 00:00:00.000
